<?xml version="1.0" encoding="utf-8"?>
<django-objects version="1.0">
  <object pk="1" model="blocks.block">
    <field name="identifier">
      maze_move_forward
    </field>
    <field name="name_en">
      Step forward
    </field>
    <field name="name_cs">
      Krok vpřed
    </field>
  </object>

  <object pk="2" model="blocks.block">
    <field name="identifier">
      maze_turn
    </field>
    <field name="_expanded_identifiers">
      ["maze_turn_left", "maze_turn_right"]
    </field>
    <field name="name_en">
      Make a turn
    </field>
    <field name="name_cs">
      Zatoč
    </field>
  </object>

  <object pk="3" model="blocks.block">
    <field name="identifier">
      controls_repeat_ext
    </field>
    <field name="name_en">
      Repeat statement
    </field>
    <field name="name_cs">
      Cyklus repeat
    </field>
  </object>

  <object pk="4" model="blocks.block">
    <field name="identifier">
      controls_while
    </field>
    <field name="name_en">
      While loop
    </field>
    <field name="name_cs">
      Cyklus while
    </field>
  </object>

  <object pk="5" model="blocks.block">
    <field name="identifier">
      maze_check_goal
    </field>
    <field name="name_en">
      Check goal
    </field>
    <field name="name_cs">
      Kontrola cíle
    </field>
  </object>

  <object pk="6" model="blocks.block">
    <field name="identifier">
      maze_check_path
    </field>
    <field name="_expanded_identifiers">
      ["maze_check_path", "maze_check_path_left", "maze_check_path_right"]
    </field>
    <field name="name_en">
      Check path
    </field>
    <field name="name_cs">
      Kontrola cesty
    </field>
  </object>

  <object pk="7" model="blocks.block">
    <field name="identifier">
      maze_check_color
    </field>
    <field name="name_en">
      Check color
    </field>
    <field name="name_cs">
      Kontrola barvy
    </field>
  </object>

  <object pk="8" model="blocks.block">
    <field name="identifier">
      controls_if
    </field>
    <field name="name_en">
      If statement
    </field>
    <field name="name_cs">
      Podmínka pokud-pak
    </field>
  </object>

  <object pk="9" model="blocks.block">
    <field name="identifier">
      controls_if_else
    </field>
    <field name="name_en">
      If-else statement
    </field>
    <field name="name_cs">
      Podmínka pokud-pak-jinak
    </field>
  </object>

  <object pk="10" model="blocks.block">
    <field name="identifier">
      logic_operation
    </field>
    <field name="name_en">
      Logical operators
    </field>
    <field name="name_cs">
      Logické operace
    </field>
  </object>

  <object pk="11" model="blocks.block">
    <field name="identifier">
      math_number
    </field>
    <field name="name_en">
      Number
    </field>
    <field name="name_cs">
      Číslo
    </field>
  </object>

  <object pk="12" model="blocks.block">
    <field name="identifier">
      start
    </field>
    <field name="name_en">
      Program start
    </field>
    <field name="name_cs">
      Začátek programu
    </field>
  </object>

  <!--
  <object pk="12" model="blocks.block">
    <field name="name_en">
      Equals
    </field>
    <field name="name_cs">
      Rovná se
    </field>
    <field name="_expanded_identifiers">
      ["logic_compare"]
    </field>
    <field name="price">
      15
    </field>
  </object>

  <object pk="13" model="blocks.block">
    <field name="name_en">
      Variables
    </field>
    <field name="name_cs">
      Proměnné
    </field>
    <field name="_expanded_identifiers">
      ["variables_set", "variables_get"]
    </field>
    <field name="price">
      15
    </field>
  </object>
  -->

</django-objects>
